target_input_events_per_sec,run_id,sustained,completion_ratio,actual_input_events_per_sec,certificate_throughput_per_sec,latency_p50_ms,latency_p95_ms,latency_p99_ms,latency_max_ms,producer_elapsed_sec,end_to_end_elapsed_sec,delivery_errors,consumer_errors,certificates_received,decisions_target,evidence_file
100,e16-100-79ae2390,True,1.0,99.99941699701944,24.834677241533342,139.862945,2140.091554299998,3113.85596412,3366.386188,30.00017490191385,30.199707961,0,0,750,750,target_100\run_01\summary.json
100,e16-100-6847e12b,True,1.0,99.99947961302574,24.916831909088163,125.2902725,221.64862089999997,568.1841491,791.645335,30.00015611690469,30.10013483,0,0,750,750,target_100\run_02\summary.json
100,e16-100-c2e14e10,True,1.0,99.99946435967524,24.83523650110605,126.84793350000001,216.4319352,738.9108581999996,932.932492,30.00016069295816,30.1990279,0,0,750,750,target_100\run_03\summary.json
100,e16-100-d59a042c,True,1.0,99.9992892957201,24.91773439889486,94.044044,180.1119881,421.93726932999954,641.619798,30.00021321279928,30.09904464,0,0,750,750,target_100\run_04\summary.json
100,e16-100-8259b504,True,1.0,99.99941248326219,24.9176671281646,100.3972605,206.9748624,722.3548400699997,861.502812,30.000176256056875,30.099125899,0,0,750,750,target_100\run_05\summary.json
100,e16-100-19d255ce,True,1.0,99.99926944564163,24.91759021501563,96.387399,206.27817144999997,734.8513675999995,1009.550525,30.000219167908654,30.099218806,0,0,750,750,target_100\run_06\summary.json
100,e16-100-a4ffea9f,True,1.0,99.99910117469234,24.91758448051106,108.8370755,217.76548265,671.4920074300001,903.622354,30.00026965001598,30.099225733,0,0,750,750,target_100\run_07\summary.json
100,e16-100-b3893427,True,1.0,99.99942444285716,24.835115676846165,108.4832835,200.38168915,601.1719724399995,805.617907,30.000172668136656,30.19917482,0,0,750,750,target_100\run_08\summary.json
100,e16-100-5efbf99b,True,1.0,99.99936126735744,24.91807898464421,118.113898,317.51015154999914,893.8843280399999,959.667577,30.00019162101671,30.098628408,0,0,750,750,target_100\run_09\summary.json
100,e16-100-1ff5a7f7,True,1.0,99.99944538030421,24.83497071149005,116.61982499999999,214.2281329,795.2648666099994,1020.622465,30.000166386831552,30.199351097,0,0,750,750,target_100\run_10\summary.json
100,e16-100-3f02648c,True,1.0,99.99959042463566,24.83514633839906,126.027821,276.19942294999987,801.05641691,1033.956294,30.00012287311256,30.199137536,0,0,750,750,target_100\run_11\summary.json
100,e16-100-b5fb183a,True,1.0,99.9993069215285,24.83537728604296,130.1188085,241.93345834999977,1108.7510757099994,1331.712491,30.000207924982533,30.19885671,0,0,750,750,target_100\run_12\summary.json
100,e16-100-594c146d,True,1.0,99.99939250352732,24.8347902680594,134.896952,238.75404269999993,675.69596413,767.590802,30.000182250048965,30.199570518,0,0,750,750,target_100\run_13\summary.json
100,e16-100-20ad306a,True,1.0,99.99935494375835,24.83494363341853,137.4430515,227.5667144499999,774.6827201799999,996.148414,30.000193518120795,30.199384024,0,0,750,750,target_100\run_14\summary.json
100,e16-100-c5518522,True,1.0,99.99938355673129,24.917817312459228,139.55504150000002,251.70166619999992,594.9492556799996,818.726349,30.000184934120625,30.098944486,0,0,750,750,target_100\run_15\summary.json
100,e16-100-d32c7985,True,1.0,99.9992178721059,24.835124058518378,138.439837,218.00215624999998,613.2603484699996,851.71233,30.000234640203416,30.199164628,0,0,750,750,target_100\run_16\summary.json
100,e16-100-478410dc,True,1.0,99.99930110860434,24.83525074893948,142.2724915,327.09314725,719.53133407,863.890949,30.000209668884054,30.199010575,0,0,750,750,target_100\run_17\summary.json
100,e16-100-8a59b880,True,1.0,99.99942148361383,24.83492228399574,137.016749,222.12972989999992,636.1666871499999,853.331401,30.0001735559199,30.199409985,0,0,750,750,target_100\run_18\summary.json
100,e16-100-ffa35529,True,1.0,99.99948451561221,24.915861864431747,126.7107515,216.80227014999997,636.1927485099995,860.654514,30.000154646113515,30.101306713,0,0,750,750,target_100\run_19\summary.json
100,e16-100-f2c07be2,True,1.0,99.99940866643684,24.917712208181378,118.9161745,222.93381854999998,716.2898997399996,991.152838,30.00017740111798,30.099071445,0,0,750,750,target_100\run_20\summary.json
100,e16-100-6e14f2e4,True,1.0,99.99898623693902,24.91716426118003,132.45486599999998,227.20503154999994,633.1913761399998,845.289695,30.000304132001474,30.099733346,0,0,750,750,target_100\run_21\summary.json
100,e16-100-59e72f8a,True,1.0,99.99903343931283,24.83517348599263,126.31563750000001,209.0670265999998,553.8578965299996,777.734318,30.000289971008897,30.199104525,0,0,750,750,target_100\run_22\summary.json
100,e16-100-d0d88c0e,True,1.0,99.99951800253355,24.917534620980174,142.7298635,214.77327904999999,389.98536941999953,614.870408,30.000144599936903,30.099285961,0,0,750,750,target_100\run_23\summary.json
100,e16-100-f7cd6165,True,1.0,99.99902531290502,24.834948331595804,135.6741515,214.2747498,493.4085497199996,706.28869,30.000292408978567,30.199378311,0,0,750,750,target_100\run_24\summary.json
100,e16-100-add638d9,True,1.0,99.99938838402736,24.917849143023325,147.251383,1394.2261646499978,2490.3177632299994,2764.18107,30.00018348591402,30.098906037,0,0,750,750,target_100\run_25\summary.json
100,e16-100-db81f508,True,1.0,99.99926380889441,24.835053318599652,136.00873,213.97884115,477.8201700099996,700.977465,30.00022085895762,30.199250647,0,0,750,750,target_100\run_26\summary.json
100,e16-100-ef6d81dd,True,1.0,99.99951052253374,24.835168650392568,133.7599255,213.39104125,522.8093929999995,747.830262,30.000146843958646,30.199110405,0,0,750,750,target_100\run_27\summary.json
100,e16-100-4d3e308e,True,1.0,99.99940497999539,24.834930538070836,133.0644105,203.2529717,365.1667695499996,589.106894,30.000178507063538,30.199399948,0,0,750,750,target_100\run_28\summary.json
100,e16-100-2d79755c,True,1.0,99.99943067333385,24.91779906553334,134.10442,228.24286324999997,603.6056573799999,728.872084,30.00017079897225,30.098966527,0,0,750,750,target_100\run_29\summary.json
100,e16-100-7e80891d,True,1.0,99.99916875028923,24.917682136329983,117.005244,208.28727389999995,436.85133441000005,677.380305,30.000249376986176,30.09910777,0,0,750,750,target_100\run_30\summary.json
1000,e16-1000-be3c1d28,True,1.0,999.9920353306902,113.25668906085552,19246.7423175,37694.77456035,38190.82953235,38401.814593,30.00023894198239,66.221254234,0,0,7500,7500,target_1000\run_01\summary.json
1000,e16-1000-159fe138,True,1.0,999.9905380539577,178.12105256049702,5483.335795999999,12619.975192150001,12902.36324406,13073.12869,30.000283861067146,42.106196276,0,0,7500,7500,target_1000\run_02\summary.json
1000,e16-1000-c3b7c0c5,True,1.0,999.9868086416706,241.93183488334046,1225.529962,2093.05751905,2485.1549516600003,2686.885089,30.00039574597031,31.000467564,0,0,7500,7500,target_1000\run_03\summary.json
1000,e16-1000-6a97e132,True,1.0,999.9940093732758,248.35156458603154,953.6605275,2018.1452885999997,2238.1616323600006,2375.945526,30.00017971987836,30.19912523,0,0,7500,7500,target_1000\run_04\summary.json
1000,e16-1000-f3cfe9d1,True,1.0,999.9910802444721,247.52898641362913,1040.773706,2518.8131373,2779.8047410600034,2998.014622,30.00026759505272,30.299481724,0,0,7500,7500,target_1000\run_05\summary.json
1000,e16-1000-f26f2cbf,True,1.0,999.9917334318558,204.26631009081115,1003.464473,8111.15059875,8460.954170930001,8653.232597,30.000247999094427,36.716774277,0,0,7500,7500,target_1000\run_06\summary.json
1000,e16-1000-a9d262eb,True,1.0,999.9925280548142,214.8558245661046,3899.4127215,5360.37513395,5666.812282649999,5827.483705,30.000224160030484,34.907129072,0,0,7500,7500,target_1000\run_07\summary.json
1000,e16-1000-1aec9402,True,1.0,999.9877325522307,195.76723165868356,6186.4234715,8391.467847749998,8793.00348403,9012.119309,30.000368027947843,38.310803787,0,0,7500,7500,target_1000\run_08\summary.json
1000,e16-1000-559fc277,True,1.0,999.9922921931916,248.353749142571,919.917767,1969.0777944499998,2214.4495010200003,2362.26511,30.000231235986575,30.198859594,0,0,7500,7500,target_1000\run_09\summary.json
1000,e16-1000-00564265,True,1.0,999.990349759654,208.80683895845456,3223.18448,5781.8693089,5964.84013529,6029.006007,30.000289510004222,35.918363773,0,0,7500,7500,target_1000\run_10\summary.json
1000,e16-1000-65da9f4b,True,1.0,999.9908367856316,148.73190968847038,21216.5875375,44575.41178424997,47974.34996767,49011.611556,30.00027489895001,50.426300689,0,0,7500,7500,target_1000\run_11\summary.json
1000,e16-1000-069caa72,False,0.622,999.9926662222335,51.75377045580503,64208.615119,80789.1773234,84013.55012372,86791.548166,30.000220014946535,90.138360141,0,0,4665,7500,target_1000\run_12\summary.json
1000,e16-1000-a499c44e,True,1.0,998.494234578255,84.79684078932618,26759.314603,58586.54384655,58774.7812946,58922.862398,30.045241085113958,88.446691294,0,0,7500,7500,target_1000\run_13\summary.json
1000,e16-1000-16b6e92b,True,1.0,999.9885575370117,155.8290651761558,4472.863928000001,12564.82915465,14893.15305546,18566.137952,30.000343277817592,48.129660481,0,0,7500,7500,target_1000\run_14\summary.json
1000,e16-1000-e7e3f220,True,1.0,999.9936771435603,244.09214900637537,533.630948,1722.3333458999998,2027.66665727,2166.948133,30.000189686892554,30.726100903,0,0,7500,7500,target_1000\run_15\summary.json
1000,e16-1000-83b886a4,True,1.0,999.9800097002543,186.4552319633024,7976.4076675,12214.2114177,12458.92492693,12646.878263,30.000599720980972,40.224132737,0,0,7500,7500,target_1000\run_16\summary.json
1000,e16-1000-1026b813,True,1.0,999.991380008668,247.52777695425104,538.917384,1495.7393927499995,1650.74300218,1803.426104,30.000258601969108,30.299629772,0,0,7500,7500,target_1000\run_17\summary.json
1000,e16-1000-41e3e734,True,1.0,999.9935939387084,249.17926912133382,1302.2394439999998,2568.28604285,2783.3372742,2897.738946,30.000192183069885,30.098812098,0,0,7500,7500,target_1000\run_18\summary.json
1000,e16-1000-b619daf2,True,1.0,999.9893853791492,245.10497969960508,843.786682,2013.1687258499999,2642.2704362,2842.696852,30.000318442005664,30.599133519,0,0,7500,7500,target_1000\run_19\summary.json
1000,e16-1000-e8a7a188,True,1.0,999.9917947351545,241.1573234641054,534.187506,1641.5733097999998,1978.04338444,2123.713979,30.000246159965172,31.100030023,0,0,7500,7500,target_1000\run_20\summary.json
1000,e16-1000-c3355fc8,True,1.0,999.9936063717056,249.18176376103744,580.179096,1495.98487165,1860.88048563,2091.186663,30.000191810075194,30.098510769,0,0,7500,7500,target_1000\run_21\summary.json
1000,e16-1000-0b9e5f3e,True,1.0,999.9909157215404,240.3817197479602,556.8802875,1589.9378798999999,1984.7883646500002,2111.142924,30.000272530829534,31.200375835,0,0,7500,7500,target_1000\run_22\summary.json
1000,e16-1000-e40fc3a0,True,1.0,999.9911810428307,204.82482580046133,11303.2543755,27419.57558909998,31187.549329380003,33112.109375,30.00026457104832,36.616655089,0,0,7500,7500,target_1000\run_23\summary.json
1000,e16-1000-0bce0bef,False,0.19853333333333334,999.9934289104898,16.51784615357871,76643.000553,81594.4814758,82918.50313504,83668.171516,30.00019713398069,90.144924838,0,0,1489,7500,target_1000\run_24\summary.json
1000,e16-1000-246a4df9,True,1.0,999.9642787688881,144.38464663480772,17886.6763885,21666.004437800002,22058.485218499998,22207.029836,30.001071675214916,51.944581192,0,0,7500,7500,target_1000\run_25\summary.json
1000,e16-1000-aacbd226,True,1.0,999.9923357240917,211.84748685601178,3324.200311,8742.60942495,9136.81407365,9384.346814,30.000229930039495,35.402827342,0,0,7500,7500,target_1000\run_26\summary.json
1000,e16-1000-881cdccd,True,1.0,999.993859664988,249.17529623282667,546.8782225,1567.50523795,1787.4423018300015,1996.162438,30.000184211181477,30.099291998,0,0,7500,7500,target_1000\run_27\summary.json
1000,e16-1000-d666360e,True,1.0,999.9934700821692,245.904591497414,439.5428995,1418.5840362,1601.68498105,1726.040885,30.000195898814127,30.499633839,0,0,7500,7500,target_1000\run_28\summary.json
1000,e16-1000-d3a8d20d,True,1.0,999.9762289366499,248.3436900456145,362.0525785,1460.9025902,1855.09600133,2002.72235,30.00071314885281,30.200082791,0,0,7500,7500,target_1000\run_29\summary.json
1000,e16-1000-8bd4cbe5,True,1.0,999.988857152239,245.9022378541845,846.7994105,1862.7513999,2100.1697021800005,2220.118088,30.000334289157763,30.499925765,0,0,7500,7500,target_1000\run_30\summary.json
1250,e16-1250-4c7b2a78,False,1.0,1091.660571876885,178.99811295700525,20900.495798,22672.681528999998,22951.99867284,23111.827398,34.35133682214655,52.374853819,0,0,9375,9375,target_1250\run_01\summary.json
1250,e16-1250-71add6b2,True,1.0,1249.9888448050644,176.13055916134462,13532.237276,22684.9997391,23346.964327600002,23508.627637,30.000267727067694,53.227560536,0,0,9375,9375,target_1250\run_02\summary.json
1250,e16-1250-361c9cc9,True,1.0,1248.1600270193842,236.87504678872781,5438.194851,10088.2885324,10263.96533776,10570.513793,30.044224448967725,39.577828594,0,0,9375,9375,target_1250\run_03\summary.json
1250,e16-1250-621a960c,True,1.0,1249.9899433299058,247.92013115403662,3125.795078,8066.1111086,8419.11495792,8628.053618,30.0002413620241,37.814597614,0,0,9375,9375,target_1250\run_04\summary.json
1250,e16-1250-1f192d9c,True,1.0,1249.9897176624763,295.73511960534574,1287.224095,2116.1352759,2302.69293788,2453.641309,30.00024677813053,31.700665151,0,0,9375,9375,target_1250\run_05\summary.json
1250,e16-1250-3cda0d08,True,1.0,1249.988292278949,279.82803413067995,2321.841105,4307.4742877,4601.627010300001,4803.907532,30.000280987937003,33.502719015,0,0,9375,9375,target_1250\run_06\summary.json
1250,e16-1250-1d39282e,True,1.0,1249.9898509946456,280.5797928001539,3624.263389,4565.9052722999995,4722.702748579999,4892.704595,30.000243578106165,33.412955033,0,0,9375,9375,target_1250\run_07\summary.json
1250,e16-1250-04d9bdf4,True,1.0,1249.9920807620865,277.3459195292106,2496.898158,4105.7317949,4246.51283818,4345.440044,30.000190062914044,33.80255248,0,0,9375,9375,target_1250\run_08\summary.json
1250,e16-1250-22868e51,True,1.0,1249.9895063042713,288.44590133883815,1996.034305,2912.1360032999996,3065.15682268,3270.335099,30.000251850811765,32.501761878,0,0,9375,9375,target_1250\run_09\summary.json
1250,e16-1250-25cab66d,True,1.0,1249.9902951120444,153.78257117871703,30147.089224,51462.3794743,54524.645373420004,56720.807751,30.0002329191193,60.96269511,0,0,9375,9375,target_1250\run_10\summary.json
1250,e16-1250-8d410341,False,0.01152,1249.9912831046188,1.1974001328677695,88290.1377225,89592.11061265,89778.5601524,89835.178751,30.000209206948057,90.195413409,0,0,108,9375,target_1250\run_11\summary.json
1250,e16-1250-e8d6c972,True,1.0,1249.989247633823,173.59579045963042,17549.764436,24583.054723,24911.41156642,25219.254715,30.000258059008047,54.004765756,0,0,9375,9375,target_1250\run_12\summary.json
1250,e16-1250-ac4938f8,True,1.0,1249.9859498181136,217.4388983671868,10646.097595,14026.0270834,14455.67152222,14614.776621,30.000337208155543,43.115560603,0,0,9375,9375,target_1250\run_13\summary.json
1250,e16-1250-11e03441,True,1.0,1249.988937722242,239.71127092378663,6450.654897,9401.870683099998,9539.9588991,9655.423879,30.00026549701579,39.109550268,0,0,9375,9375,target_1250\run_14\summary.json
1250,e16-1250-88546b03,True,1.0,1249.987520208072,275.706481744242,2525.019217,4086.6769517000002,4504.076483120002,4736.462705,30.00029951799661,34.003553129,0,0,9375,9375,target_1250\run_15\summary.json
1250,e16-1250-1ea4d03a,True,1.0,1249.957325084282,280.47652517172355,1795.507397,3621.4724125000002,4066.0348371,4291.874192,30.001024232944474,33.425257227,0,0,9375,9375,target_1250\run_16\summary.json
1250,e16-1250-30f1ed9b,True,1.0,1249.9903987782873,282.3560258723379,1596.398871,3310.558638,3598.03137566,3832.862025,30.00023043109104,33.202762261,0,0,9375,9375,target_1250\run_17\summary.json
1250,e16-1250-eefba177,True,1.0,1249.9904462362063,274.0740219297928,1574.335509,3174.0920729,4389.57388192,4624.825809,30.00022929208353,34.206087589,0,0,9375,9375,target_1250\run_18\summary.json
1250,e16-1250-b721cacc,True,1.0,1249.9914565998577,273.2976756731976,2800.358394,5524.863991599999,9169.58848098,10469.182857,30.000205043004826,34.303255514,0,0,9375,9375,target_1250\run_19\summary.json
1250,e16-1250-3b406e97,True,1.0,1249.9893690432252,136.95557870398306,39385.377082,60246.48665699999,65070.20673828,67670.885367,30.00025514513254,68.452852295,0,0,9375,9375,target_1250\run_20\summary.json
1250,e16-1250-d414d97d,False,0.0,1249.9858270706295,0.0,,,,,30.000340154161677,90.269842774,0,0,0,9375,target_1250\run_21\summary.json
1250,e16-1250-ce6832e5,True,1.0,1205.6995546124374,156.36179420569772,19272.446095,29781.9615465,30843.8735131,32158.337123,31.102275734068826,59.957101718,0,0,9375,9375,target_1250\run_22\summary.json
1250,e16-1250-1288a661,True,1.0,1249.9866843536092,220.45733302593007,8941.084602,12214.7117138,12864.968323840001,13072.852088,30.000319578917697,42.525235479,0,0,9375,9375,target_1250\run_23\summary.json
1250,e16-1250-3981b724,True,1.0,1249.9911762756576,192.59176934721467,14787.823208,16090.411468799999,18719.03437898,18953.44048,30.000211770879105,48.678092692,0,0,9375,9375,target_1250\run_24\summary.json
1250,e16-1250-25bb20d8,True,1.0,1249.9916310555584,263.2312199525795,2551.719635,4498.8580907000005,4963.6812152600005,5685.728644,30.00020085601136,35.615076364,0,0,9375,9375,target_1250\run_25\summary.json
1250,e16-1250-1bad2f51,True,1.0,1249.986923378322,245.21358640269185,6845.012485,9659.7123467,9892.694922000002,10085.439482,30.000313842203468,38.231976203,0,0,9375,9375,target_1250\run_26\summary.json
1250,e16-1250-9473bce1,True,1.0,1249.9736492586148,252.5331017438159,2813.774446,7676.4606568,7849.32884414,8006.642378,30.00063243112527,37.123846083,0,0,9375,9375,target_1250\run_27\summary.json
1250,e16-1250-a7ddb2b0,True,1.0,1249.9815711441804,248.5902996771264,6162.514044,8180.7184491,8587.15080128,8802.893943,30.000442299060524,37.712654163,0,0,9375,9375,target_1250\run_28\summary.json
1250,e16-1250-842b433f,True,1.0,1249.9900578710487,238.25955090969146,4451.7033,9222.8121422,9376.49804334,9584.586363,30.00023861299269,39.347845508,0,0,9375,9375,target_1250\run_29\summary.json
1250,e16-1250-da2b50d1,True,1.0,1249.9841266231967,132.6438969532973,38836.31655,61036.6723695,66137.35346286002,70331.531887,30.00038096588105,70.677959675,0,0,9375,9375,target_1250\run_30\summary.json
2250,e16-2250-b5948568,True,1.0,2249.405668786276,195.73677722820776,30358.549206,55792.5859908,56165.24035962,56304.602386,30.007926509948447,86.212720159,0,0,16875,16875,target_2250\run_01\summary.json
2250,e16-2250-5d9d9b49,True,1.0,2249.969436416441,225.37438108886957,30929.516066,43586.2701515,44778.24550298,44897.639625,30.000407519983128,74.875413605,0,0,16875,16875,target_2250\run_02\summary.json
2250,e16-2250-da210eda,True,1.0,2249.9729167728633,246.92918186445536,20372.707175,36534.6439811,38263.1952979,38464.202865,30.00036111404188,68.339431867,0,0,16875,16875,target_2250\run_03\summary.json
2250,e16-2250-fe1ea1b1,True,1.0,2249.9804528382074,254.65213291899056,21821.962873,33846.9395118,36204.11424482,36305.527342,30.000260631088167,66.266870835,0,0,16875,16875,target_2250\run_04\summary.json
2250,e16-2250-dbe975e2,False,0.9699555555555556,2249.9802351395383,181.76124332590564,26572.745353,64140.1323899,75239.41378386,76790.230841,30.000263533787802,90.052200901,0,0,16368,16875,target_2250\run_05\summary.json
2250,e16-2250-58b22756,True,1.0,2200.708688186386,186.09196361285228,38640.651574,59196.240365699996,60655.8881211,60903.63501,30.67193780001253,90.680971238,0,0,16875,16875,target_2250\run_06\summary.json
2250,e16-2250-ccd103d7,True,1.0,2249.976981311675,263.9282498542807,22136.187421,33518.8768137,33956.60275704,34105.273586,30.00030691898428,63.937831624,0,0,16875,16875,target_2250\run_07\summary.json
2250,e16-2250-fdd4b15e,True,1.0,2249.9816521461157,281.9663246060565,17769.477368,29752.6502433,29882.8228496,29955.554158,30.00024464004673,59.847572307,0,0,16875,16875,target_2250\run_08\summary.json
2250,e16-2250-f9edba51,True,1.0,2249.977314223629,266.9009921251429,15663.715998,32760.454283500003,33206.70912514,33309.367196,30.000302480068058,63.22569229,0,0,16875,16875,target_2250\run_09\summary.json
2250,e16-2250-5f9aeaf0,True,1.0,2249.9800195887365,244.93898907391556,25805.796619,49784.01521819999,57953.62539031997,60624.632818,30.000266407849267,68.894707469,0,0,16875,16875,target_2250\run_10\summary.json
2250,e16-2250-dd457bd2,False,0.0,2249.980879522133,0.0,,,,,30.00025494187139,90.064477088,0,0,0,16875,target_2250\run_11\summary.json
2250,e16-2250-0efb5e2f,True,1.0,2249.9759573613837,225.79494663469904,31729.158738,44653.082153,44753.2635019,44905.3979,30.000320571940392,74.7359507,0,0,16875,16875,target_2250\run_12\summary.json
2250,e16-2250-743f08f0,True,1.0,2249.980626008824,257.79470346990206,20730.560717,33776.7693233,35323.921766240004,35470.521125,30.000258322106674,65.459064026,0,0,16875,16875,target_2250\run_13\summary.json
2250,e16-2250-7a937904,True,1.0,2249.971337242346,281.5452723781418,17056.255021,27731.6490024,29840.24113576,29980.30451,30.000382174970582,59.937074622,0,0,16875,16875,target_2250\run_14\summary.json
2250,e16-2250-0d1dc212,True,1.0,2249.9816250799954,281.9873481692497,16149.987549,29759.747512099995,29848.95789578,29934.581699,30.00024500093423,59.843110372,0,0,16875,16875,target_2250\run_15\summary.json
2250,e16-2250-b2faabc7,True,1.0,2249.982450369959,214.43653084442855,17003.835498,61057.65446609999,66937.17106579998,68602.597255,30.000233996892348,78.694613896,0,0,16875,16875,target_2250\run_16\summary.json
2250,e16-2250-7b0dfdb0,False,0.0,2249.979211552987,0.0,,,,,30.00027718185447,90.17793152,0,0,0,16875,target_2250\run_17\summary.json
2250,e16-2250-ec29e98a,True,1.0,2249.9665184097626,230.40169314076945,26705.308858,41257.3576554,43206.29945616,43336.902719,30.000446427846327,73.241649269,0,0,16875,16875,target_2250\run_18\summary.json
2250,e16-2250-2aa6df37,True,1.0,2249.9735091148414,274.1926266690251,17720.654545,30304.1813775,31302.0585055,31645.625304,30.000353215960786,61.544324532,0,0,16875,16875,target_2250\run_19\summary.json
2250,e16-2250-31fdc606,True,1.0,2249.7010585295825,193.6505564218173,33460.354411,54639.0213999,57044.43475374,57212.366344,30.003986415918916,87.141500194,0,0,16875,16875,target_2250\run_20\summary.json
2250,e16-2250-f91642b1,True,1.0,2249.9672000654195,222.90231556958636,28160.033965,43556.3395141,45676.78741634,45828.63688,30.00043733883649,75.705808425,0,0,16875,16875,target_2250\run_21\summary.json
2250,e16-2250-f8752b5a,False,0.7607703703703703,2249.9824386704017,142.25409510581434,23513.903209999997,65323.88964190001,70531.31798638999,73045.437713,30.00023415288888,90.246962595,0,0,12838,16875,target_2250\run_22\summary.json
2250,e16-2250-0e2776c8,True,1.0,2249.980065042292,210.34280680340188,35118.581903,48612.645173900004,50019.775847439996,50285.714235,30.0002658017911,80.226180569,0,0,16875,16875,target_2250\run_23\summary.json
2250,e16-2250-8ec77bde,True,1.0,2249.981817755864,240.1319724269631,20774.255064,38246.7320422,40247.82739518,40377.60411,30.000242431880906,70.273857452,0,0,16875,16875,target_2250\run_24\summary.json
2250,e16-2250-9cb351b8,True,1.0,2249.97609730126,217.62494598519825,35822.473218,47182.530901699996,47451.2586045,47601.754273,30.000318706035614,77.54166198,0,0,16875,16875,target_2250\run_25\summary.json
2250,e16-2250-941fafec,True,1.0,2249.978276831284,293.7868787435055,15077.169519,26440.81068909999,27303.3352363,27546.52131,30.000289645045996,57.439597276,0,0,16875,16875,target_2250\run_26\summary.json
2250,e16-2250-06957dea,True,1.0,2249.9757019807585,189.8320740963821,18511.274589,70546.1316283,73741.89125512,76698.889214,30.000323977088556,88.894356132,0,0,16875,16875,target_2250\run_27\summary.json
2250,e16-2250-fd4a2f43,False,0.0,2249.8039980626563,0.0,,,,,30.00261358683929,90.220795202,0,0,0,16875,target_2250\run_28\summary.json
2250,e16-2250-a09516fe,False,0.5991111111111111,2223.0203461022547,111.70428024351071,48951.304921,71123.5206681,72226.29713331,72496.802569,30.364094560965896,90.506827294,0,0,10110,16875,target_2250\run_29\summary.json
2250,e16-2250-ad4fbd1e,False,0.7665777777777778,2024.9381446274974,138.36676977490052,51038.0621295,69138.387909,69466.6452614,69639.33032,33.33435155986808,93.490655459,0,0,12936,16875,target_2250\run_30\summary.json
2450,e16-2450-23d99c07,True,1.0,2449.966348329382,209.30424941704953,33090.867307,56039.2347359,57704.16089416,57883.392885,30.000412066932768,87.790859723,0,0,18375,18375,target_2450\run_01\summary.json
2450,e16-2450-dfa29df1,True,1.0,2449.9512350273326,207.14186938816147,39004.589499,57243.2143677,58631.501168999996,58744.855386,30.00059713399969,88.70731955,0,0,18375,18375,target_2450\run_02\summary.json
2450,e16-2450-661ecf36,True,1.0,2449.98059777425,270.0228494066985,22148.288121,35981.7989665,37960.8643225,38152.657782,30.000237580155954,68.049796676,0,0,18375,18375,target_2450\run_03\summary.json
2450,e16-2450-87ea2616,True,1.0,2449.9734176905868,271.2126596594088,20804.034667,35652.0654175,37667.39319033999,37768.827872,30.00032550119795,67.751262139,0,0,18375,18375,target_2450\run_04\summary.json
2450,e16-2450-d4ee7909,True,1.0,2449.9800832880965,216.92803472576293,36014.405298,74297.09314819999,80938.32695984,82697.404116,30.00024388008751,84.705510854,0,0,18375,18375,target_2450\run_05\summary.json
2450,e16-2450-0f0846d6,False,0.0,2449.980355229121,0.0,,,,,30.000240550143644,90.082683183,0,0,0,18375,target_2450\run_06\summary.json
2450,e16-2450-488e9a69,False,0.9651700680272108,2449.96531332282,196.73728801804234,34562.913929,59349.8650517,60842.980473079995,61131.278102,30.000424740836024,90.145595574,0,0,17735,18375,target_2450\run_07\summary.json
2450,e16-2450-3e57d56f,False,0.934530612244898,2282.7180331012355,186.04651418782413,35967.6582315,54544.5809888,62927.13690131,63202.751807,32.19845768692903,92.29949873,0,0,17172,18375,target_2450\run_08\summary.json
2450,e16-2450-45519adc,True,1.0,2449.9735986096657,218.32968917217332,37776.412866,52769.8405989,54110.44079418,54211.59129,30.000323285814375,84.161710071,0,0,18375,18375,target_2450\run_09\summary.json
2450,e16-2450-781c7408,True,1.0,2449.978975920986,279.9348793835281,21135.6162,35068.137759,35558.312199620006,35737.184177,30.000257439911366,65.640266195,0,0,18375,18375,target_2450\run_10\summary.json
2450,e16-2450-af041733,True,1.0,2449.661402979271,277.45995965424265,21340.645142,34597.6685996,36203.33821584,36529.078737,30.004146659048274,66.225771902,0,0,18375,18375,target_2450\run_11\summary.json
2450,e16-2450-80a09a2b,True,1.0,2449.973644414616,267.28895906833486,20253.364658,35309.8509525,36065.06924562,38812.619043,30.000322724925354,68.745824983,0,0,18375,18375,target_2450\run_12\summary.json
2450,e16-2450-1b2401e5,True,1.0,2449.979344643947,230.64033130901512,41463.300206,69431.11677929999,76076.91177405999,77929.177273,30.000252924859524,79.669500541,0,0,18375,18375,target_2450\run_13\summary.json
2450,e16-2450-6824fb55,False,0.0,2449.977125690923,0.0,,,,,30.000280096195638,90.302624648,0,0,0,18375,target_2450\run_14\summary.json
2450,e16-2450-84a8da4d,False,0.9684353741496599,2449.9701697460746,197.40874941355798,34102.745923,57489.8033194,58786.49687704,59203.978075,30.000365272862837,90.142914399,0,0,17795,18375,target_2450\run_15\summary.json
2450,e16-2450-02b7a97c,True,1.0,2449.231152696563,247.09884740301143,29635.513614,44014.3609538,44276.1400965,44472.010844,30.009417412104085,74.362953098,0,0,18375,18375,target_2450\run_16\summary.json
2450,e16-2450-8a96901d,True,1.0,2449.9772951640316,252.4659842679294,20369.937543,40299.6175489,42601.49094768,42913.373241,30.00027802097611,72.782082122,0,0,18375,18375,target_2450\run_17\summary.json
2450,e16-2450-7c2a0454,True,1.0,2449.9756415235242,244.7832783470412,29928.501337,43598.4626806,44728.7052213,45081.760174,30.00029827002436,75.066402101,0,0,18375,18375,target_2450\run_18\summary.json
2450,e16-2450-613984bb,True,1.0,2449.978659449078,230.83091076568854,31301.401018,47593.8087063,49494.52092186,49697.355502,30.0002613151446,79.603723518,0,0,18375,18375,target_2450\run_19\summary.json
2450,e16-2450-48a5e2d4,True,1.0,2449.479265942811,221.67512781375464,35933.344199,73722.2015076,76258.90016471999,77828.623462,30.00637769093737,82.891572822,0,0,18375,18375,target_2450\run_20\summary.json
2450,e16-2450-954e75de,False,0.0,2449.980301913312,0.0,,,,,30.00024120300077,90.064207615,0,0,0,18375,target_2450\run_21\summary.json
2450,e16-2450-33c60d8a,True,1.0,2449.96976060204,225.4155280097683,33815.073048,51023.895276400006,51497.33094873998,51644.002679,30.000370282912627,81.516123411,0,0,18375,18375,target_2450\run_22\summary.json
2450,e16-2450-d97189a7,True,1.0,2449.976403210573,280.3433205882147,20976.774986,34173.0479182,35491.199850959994,35583.010371,30.000288943061605,65.544632779,0,0,18375,18375,target_2450\run_23\summary.json
2450,e16-2450-c5a17cbb,True,1.0,2449.97886459299,289.14694403888916,19703.027948,33268.9102721,33461.064695860005,33637.5958,30.000258803134784,63.549002951,0,0,18375,18375,target_2450\run_24\summary.json
2450,e16-2450-ce6a2d77,True,1.0,2449.969338471562,276.94272685072247,19664.24792,34735.345861099995,36191.88549154,36363.457454,30.000375451985747,66.349458637,0,0,18375,18375,target_2450\run_25\summary.json
2450,e16-2450-f081cec3,True,1.0,2449.9634556219016,228.85518286750397,35906.040906,68475.7324498,69902.46713218,72345.71539,30.00044748885557,80.290949804,0,0,18375,18375,target_2450\run_26\summary.json
2450,e16-2450-48d98016,False,0.0,2449.9810215438297,0.0,,,,,30.0002323910594,90.130372678,0,0,0,18375,target_2450\run_27\summary.json
2450,e16-2450-489013bb,False,0.9237551020408163,2449.965087493988,188.41912697531822,39045.985579,57902.4463368,62205.23262321,62384.61021,30.00042750616558,90.08639554,0,0,16974,18375,target_2450\run_28\summary.json
2450,e16-2450-3267e462,True,1.0,2448.8822492377603,216.12389497754387,33116.06479,53271.342269600005,54828.05457056,55048.730615,30.013692991109565,85.020677616,0,0,18375,18375,target_2450\run_29\summary.json
2450,e16-2450-d57f8f8f,True,1.0,2449.967209891157,248.39311116215194,24730.4333,43070.9078662,43751.7453612,43999.043813,30.000401516910642,73.975481502,0,0,18375,18375,target_2450\run_30\summary.json
250,e16-250-c0be46ef,True,1.0,249.99839137567272,62.27994673338254,148.133735,1569.0349630999992,2224.29393026,2608.844738,30.000193036161363,30.105998774,0,0,1875,1875,target_250\run_01\summary.json
250,e16-250-61d2cd7d,True,1.0,249.99845120075105,62.088379424078255,115.79494,535.5797135999999,870.4212693399999,1034.857152,30.000185857061297,30.198887737,0,0,1875,1875,target_250\run_02\summary.json
250,e16-250-794d5300,True,1.0,249.99852845690575,62.294905541831554,126.61628,2616.3854778,3358.3233456999997,3645.68492,30.000176586210728,30.098769453,0,0,1875,1875,target_250\run_03\summary.json
250,e16-250-f0817365,True,1.0,249.99813044600066,62.294439870821186,120.613163,640.9257562999999,992.0148365800001,1154.911849,30.000224348157644,30.098994451,0,0,1875,1875,target_250\run_04\summary.json
250,e16-250-5b50f470,True,1.0,249.9984394254877,62.05428659337969,117.860615,211.3691303,756.3604583,924.561915,30.000187270110473,30.215479106,0,0,1875,1875,target_250\run_05\summary.json
250,e16-250-9b3f4fdf,True,1.0,249.99823524543038,62.29431605621436,116.963509,570.2545643999995,977.94368134,1266.505211,30.000211772043258,30.099054275,0,0,1875,1875,target_250\run_06\summary.json
250,e16-250-a7f8dc3c,True,1.0,249.9985134336862,62.29486323961346,120.181908,237.5535185,774.37725552,878.424534,30.0001783890184,30.098789892,0,0,1875,1875,target_250\run_07\summary.json
250,e16-250-b1fb0407,True,1.0,249.99813860659293,62.29467368440878,124.444435,593.7473734,996.89816302,1194.713858,30.000223368871957,30.098881479,0,0,1875,1875,target_250\run_08\summary.json
250,e16-250-122d1356,True,1.0,249.99848117538835,62.295768181011944,116.461755,327.9286762999987,965.10510806,1216.081518,30.000182260060683,30.098352661,0,0,1875,1875,target_250\run_09\summary.json
250,e16-250-c3458f0d,True,1.0,249.9980642066908,62.293998487574875,124.599281,517.3005551,892.3812,1043.439078,30.00023229699582,30.099207717,0,0,1875,1875,target_250\run_10\summary.json
250,e16-250-8478450c,True,1.0,249.99856338303627,62.08895915688348,120.756513,204.24513589999998,716.89616584,845.639635,30.00017239502631,30.198605766,0,0,1875,1875,target_250\run_11\summary.json
250,e16-250-08a184be,True,1.0,249.99835746821094,62.294785165172954,126.499434,780.4122732,1266.92437564,1517.532846,30.00019710510969,30.098827615,0,0,1875,1875,target_250\run_12\summary.json
250,e16-250-cc7554b1,True,1.0,249.99758587415764,62.08761092590118,121.023179,283.116417199999,850.99244042,1076.267833,30.000289697898552,30.199261528,0,0,1875,1875,target_250\run_13\summary.json
250,e16-250-b329cd29,True,1.0,249.99851178448878,62.08886123288309,125.743136,905.1924345999985,1528.25835828,1831.358239,30.00017858692445,30.198653394,0,0,1875,1875,target_250\run_14\summary.json
250,e16-250-c44cadf9,True,1.0,249.9984907271498,62.294933370798965,123.228254,623.2645822999995,1326.8541353,1578.823225,30.000181113835424,30.098756007,0,0,1875,1875,target_250\run_15\summary.json
250,e16-250-5ada5ffe,True,1.0,249.99851211044782,62.294920480805615,121.44694,506.13111689999994,859.3546116599998,990.20582,30.0001785478089,30.098762235,0,0,1875,1875,target_250\run_16\summary.json
250,e16-250-a2f4ebd5,True,1.0,249.99854540871843,61.27678064531693,119.302017,570.9264311000001,965.85417518,1164.54909,30.000174551969394,30.598866002,0,0,1875,1875,target_250\run_17\summary.json
250,e16-250-7410fb42,True,1.0,249.9986084740608,62.08878001014702,114.718331,336.41756769999995,881.2767130399995,1068.050684,30.000166984042153,30.198692899,0,0,1875,1875,target_250\run_18\summary.json
250,e16-250-c7d1ad32,True,1.0,249.99814152275334,62.29392008002394,107.230196,428.11130829999996,827.0305280199999,961.27008,30.0002230189275,30.099245602,0,0,1875,1875,target_250\run_19\summary.json
250,e16-250-bfd7f675,True,1.0,249.99828084467646,62.29568295543944,108.410544,295.5340061,834.2911851999999,1054.313524,30.00020630005747,30.098393838,0,0,1875,1875,target_250\run_20\summary.json
250,e16-250-a5f26d60,True,1.0,249.99842265995153,62.294580891009254,111.23999,529.5276371,938.8763479599995,1126.517833,30.000189282000065,30.098926314,0,0,1875,1875,target_250\run_21\summary.json
250,e16-250-1710b362,True,1.0,249.99872002203017,62.29520419228281,120.395886,357.09045099999935,879.8479522999995,1167.497528,30.000153598142788,30.098625156,0,0,1875,1875,target_250\run_22\summary.json
250,e16-250-9f4e890b,True,1.0,249.99804906517335,62.087014925324745,126.386239,785.2908414,1311.18928004,1512.139202,30.00023411400616,30.199551424,0,0,1875,1875,target_250\run_23\summary.json
250,e16-250-6cf57ff3,True,1.0,249.99776088581444,62.08917481158977,140.639395,1258.860992499998,1795.1271854,1955.238585,30.000268696108833,30.198500877,0,0,1875,1875,target_250\run_24\summary.json
250,e16-250-ca96e421,True,1.0,249.99872878025351,62.29611079732776,122.869923,610.6496509999985,948.40960928,1036.649865,30.000152547145262,30.098187126,0,0,1875,1875,target_250\run_25\summary.json
250,e16-250-09a3f2c1,True,1.0,249.99800582338446,62.29525642541233,112.326859,464.25850199999996,1026.9947541999995,1264.771779,30.000239303102717,30.098599919,0,0,1875,1875,target_250\run_26\summary.json
250,e16-250-34a1c430,True,1.0,249.99848440975478,62.2954829058975,106.649154,614.7036639,1028.3579758199996,1266.129341,30.000181871932,30.098490493,0,0,1875,1875,target_250\run_27\summary.json
250,e16-250-7dbceb8f,True,1.0,249.99811750663184,62.0885079047356,104.205675,243.49774469999994,746.1768173,894.090941,30.000225900905207,30.198825246,0,0,1875,1875,target_250\run_28\summary.json
250,e16-250-b114c5e0,True,1.0,249.99830264508782,62.29455284918186,113.427825,562.2106154999999,1157.0317121999997,1344.887913,30.00020368397236,30.098939863,0,0,1875,1875,target_250\run_29\summary.json
250,e16-250-4ead1205,True,1.0,249.9985891415731,62.08831281237837,110.21209,213.56816269999996,713.34760852,815.081565,30.000169303966686,30.198920136,0,0,1875,1875,target_250\run_30\summary.json
500,e16-500-6546da4a,True,1.0,499.995633590448,112.59795462778578,3614.3493105,8020.893362299999,8757.58978967999,9094.281535,30.000261986861005,33.304334989,0,0,3750,3750,target_500\run_01\summary.json
500,e16-500-3f1ef1f9,True,1.0,499.9969872517127,115.29846895217192,2069.468592,6099.933182249999,6712.98279935,7061.635091,30.000180765986443,32.524282708,0,0,3750,3750,target_500\run_02\summary.json
500,e16-500-87e80016,True,1.0,499.99634639003006,124.17937383723923,247.213685,3233.0207653499997,3810.26687013,4048.515886,30.000219218200073,30.198251804,0,0,3750,3750,target_500\run_03\summary.json
500,e16-500-f9cbc61a,True,1.0,499.9963764441482,124.17890634238499,164.413073,2522.5687987499996,3086.31972163,3408.921561,30.000217414926738,30.198365491,0,0,3750,3750,target_500\run_04\summary.json
500,e16-500-41c888f6,True,1.0,499.99698041821574,124.58475284352163,153.96815700000002,1015.003897949997,1293.149698,1494.675451,30.000181176001206,30.099991487,0,0,3750,3750,target_500\run_05\summary.json
500,e16-500-d3831f7d,True,1.0,499.99687943304474,124.5931107669996,133.69897650000001,1436.4082646,1856.2555134099998,2019.947323,30.000187235185876,30.097972327,0,0,3750,3750,target_500\run_06\summary.json
500,e16-500-33d06be7,True,1.0,499.9961028295719,124.59075809492487,122.92024,859.2193448499999,1139.1733278499999,1259.300954,30.000233832048252,30.098540673,0,0,3750,3750,target_500\run_07\summary.json
500,e16-500-f3013202,True,1.0,499.99646749126833,124.59314698009854,119.5272075,1120.95285105,1418.4739994499946,1531.018773,30.000211952021345,30.097963579,0,0,3750,3750,target_500\run_08\summary.json
500,e16-500-26541368,True,1.0,499.9959029864646,123.34301327349944,131.2557525,1027.4638086,1327.3983092799997,1432.610421,30.0002458228264,30.403019194,0,0,3750,3750,target_500\run_09\summary.json
500,e16-500-b888d16c,True,1.0,499.9970073214731,115.73610849587284,152.6718945,2156.4140499999867,2772.821515809992,2955.337939,30.000179561786354,32.401296784,0,0,3750,3750,target_500\run_10\summary.json
500,e16-500-c01db86c,True,1.0,499.99588345229455,123.76869241950831,121.144365,867.8082557999999,1102.7250103799997,1165.129466,30.00024699489586,30.298453726,0,0,3750,3750,target_500\run_11\summary.json
500,e16-500-9232bd93,True,1.0,499.99688323589777,124.59308624824327,124.5455675,753.7365119999997,1016.65838348,1167.861148,30.000187007011846,30.09797825,0,0,3750,3750,target_500\run_12\summary.json
500,e16-500-085a6d45,True,1.0,499.99756553076276,124.40286697250886,128.2630175,1096.1086080999996,1351.8398004899996,1519.613258,30.000146068865433,30.143999823,0,0,3750,3750,target_500\run_13\summary.json
500,e16-500-94e14e5f,True,1.0,499.9962776128725,124.18010164466838,131.077963,931.59274655,1105.0316932800001,1355.606384,30.0002233448904,30.198074815,0,0,3750,3750,target_500\run_14\summary.json
500,e16-500-5aee8324,True,1.0,499.994415378797,122.95746218093788,138.470255,1303.9349188499968,1640.5578311499999,1809.472074,30.000335081014782,30.498352304,0,0,3750,3750,target_500\run_15\summary.json
500,e16-500-e4055fa8,True,1.0,499.9963785434741,124.17624454219606,134.9382745,813.7719222499966,1085.86664868,1336.657079,30.00021728896536,30.199012813,0,0,3750,3750,target_500\run_16\summary.json
500,e16-500-1b904029,True,1.0,499.99377299482404,124.59052280611189,122.7338005,741.8983289999999,991.38585357,1095.043977,30.000373624963686,30.098597514,0,0,3750,3750,target_500\run_17\summary.json
500,e16-500-c869f475,True,1.0,499.9957119870492,124.17741752670784,134.5156895,1020.49425735,1287.795600619992,1456.437661,30.00025728298351,30.198727552,0,0,3750,3750,target_500\run_18\summary.json
500,e16-500-8ca49482,True,1.0,499.99189920033626,124.58471269494838,132.2331235,1763.6317187499997,2205.1187225999997,2405.354336,30.000486055854708,30.100001187,0,0,3750,3750,target_500\run_19\summary.json
500,e16-500-3b032624,True,1.0,499.99676830439034,123.7680832615533,126.167598,965.2005783,1336.971668539999,1534.62979,30.00019390298985,30.298602848,0,0,3750,3750,target_500\run_20\summary.json
500,e16-500-4cee3ba6,True,1.0,499.99628866052234,125.00744941058996,7355.462185,17346.226664749996,19529.443737579997,20839.42498,30.00022268202156,29.998212248,0,0,3750,3750,target_500\run_21\summary.json
500,e16-500-cd2ebaec,True,1.0,499.9967816570555,49.43170253884415,44352.0417275,66975.92118604999,71955.96420443,75476.558947,30.000193101819605,75.862246441,0,0,3750,3750,target_500\run_22\summary.json
500,e16-500-a7be7c51,False,0.7565333333333333,499.9965753058782,31.474968077314372,47122.333068,82537.4828424,86075.24000892,87610.588216,30.000205483054742,90.135119217,0,0,2837,3750,target_500\run_23\summary.json
500,e16-500-291a7c65,True,1.0,499.9938373398585,121.01284895184287,663.6062535,3881.8779150499995,4564.60240462,4914.898027,30.000369764165953,30.988444884,0,0,3750,3750,target_500\run_24\summary.json
500,e16-500-bc0bf7f7,True,1.0,499.99569520412876,124.58353447829467,1171.1463385,7500.259841249996,8057.583406339998,9215.160476,30.000258289976045,30.10028585,0,0,3750,3750,target_500\run_25\summary.json
500,e16-500-7a701d15,True,1.0,499.99581828407895,124.17450636300444,1283.612679,7218.1831444,7874.941059499999,8116.720351,30.00025090505369,30.199435535,0,0,3750,3750,target_500\run_26\summary.json
500,e16-500-be9f73e0,True,1.0,472.40146912395164,107.58754314654036,136.8373165,7098.61726365,7799.32031769,8468.654335,31.75265315710567,34.855336318,0,0,3750,3750,target_500\run_27\summary.json
500,e16-500-3f2bfe3d,True,1.0,499.995938748668,124.57796217552013,130.1793065,1200.46168605,1656.8512066399999,1957.85523,30.00024367705919,30.101632219,0,0,3750,3750,target_500\run_28\summary.json
500,e16-500-cd0b990f,True,1.0,499.99701506687995,124.58829669860589,375.7307055,5697.53842375,6083.15773971,6381.838683,30.00017909705639,30.099135307,0,0,3750,3750,target_500\run_29\summary.json
500,e16-500-ae62b478,True,1.0,499.99600378497973,124.17057700210732,138.762814,1278.9555596999999,1554.90667798,1755.778899,30.0002397748176,30.200391192,0,0,3750,3750,target_500\run_30\summary.json
